Title,Rank,Fleet,Name,PN,Email,Remarks,Mentor,Mentor' Mentor
Mentee,FO,A330,Child A1,00000001, A1@gmail.com,,A,A330
Mentee,FO,A330,Child A2,00000002, A2@gmail.com,,A,A330
Mentee,FO,A330,Child A3,00000003, A3@gmail.com,,A,A330
Mentee,FO,A330,Child A4,00000004, A4@gmail.com,,A,A330
Mentee,FO,A330,Child A5,00000005, A5@gmail.com,,A,A330
Mentee,FO,A330,Child A6,00000006, A6@gmail.com,,A,A330
Mentee,FO,A330,Child A7,00000007, A7@gmail.com,,A,A330
Mentee,FO,A330,Child A8,00000008, A8@gmail.com,,A,A330
Mentee,FO,A330,Child A9,00000009, A9@gmail.com,,A,A330
Mentee,FO,A330,Child A10,00000010,A10@gmail.com,,A,A330
Mentee,FO,A330,Child A11,00000011,A11@gmail.com,,A,A330
Mentee,FO,A330,Child A12,00000012,A12@gmail.com,,A,A330
Mentee,FO,A330,Child A13,00000013,A13@gmail.com,,A,A330
Mentee,FO,A330,Child A14,00000014,A14@gmail.com,,A,A330
Mentee,FO,A330,Child A15,00000015,A15@gmail.com,,A,A330
Mentee,FO,B777,Child B1,00000016, B1@gmail.com,,B,B777
Mentee,FO,B777,Child B2,00000017, B2@gmail.com,,B,B777
Mentee,FO,B777,Child B3,00000018, B3@gmail.com,,B,B777
Mentee,FO,B777,Child B4,00000019, B4@gmail.com,,B,B777
Mentee,FO,B777,Child B5,00000020, B5@gmail.com,,B,B777
Mentee,FO,B777,Child B6,00000021, B6@gmail.com,,B,B777
Mentee,FO,B777,Child B7,00000022, B7@gmail.com,,B,B777
Mentee,FO,B777,Child B8,00000023, B8@gmail.com,,B,B777
Mentee,FO,B777,Child B9,00000024, B9@gmail.com,,B,B777
Mentee,FO,B777,Child B10,00000025,B10@gmail.com,,B,B777
Mentee,FO,B777,Child B11,00000026,B11@gmail.com,,B,B777
Mentee,FO,B777,Child B12,00000027,B12@gmail.com,,B,B777
Mentee,FO,B777,Child B13,00000028,B13@gmail.com,,B,B777
Mentee,FO,B777,Child B14,00000029,B14@gmail.com,,B,B777
Mentee,FO,B777,Child B15,00000030,B15@gmail.com,,B,B777
Mentee,FO,B777,Child B16,00000031,B16@gmail.com,,B,B777
Mentee,FO,B777,Child B17,00000032,B17@gmail.com,,B,B777
Mentee,FO,B777,Child B18,00000033,B18@gmail.com,,B,B777
Mentee,FO,B777,Child B19,00000034,B19@gmail.com,,B,B777
Mentee,FO,B777,Child C1,00000035, C1@gmail.com,,C,B777
Mentee,FO,B777,Child C2,00000036, C2@gmail.com,,C,B777
Mentee,FO,B777,Child C3,00000037, C3@gmail.com,,C,B777
Mentee,FO,B777,Child C4,00000038, C4@gmail.com,,C,B777
Mentee,FO,B777,Child C5,00000039, C5@gmail.com,,C,B777
Mentee,FO,B777,Child C6,00000040, C6@gmail.com,,C,B777
Mentee,FO,B777,Child C7,00000041, C7@gmail.com,,C,B777
Mentee,FO,B777,Child C8,00000042, C8@gmail.com,,C,B777
Mentee,FO,B777,Child C9,00000043, C9@gmail.com,,C,B777
Mentee,FO,B777,Child C10,00000044,C10@gmail.com,,C,B777
Mentee,FO,B777,Child C11,00000045,C11@gmail.com,,C,B777
Mentee,FO,B777,Child C12,00000046,C12@gmail.com,,C,B777
Mentee,FO,B777,Child C13,00000047,C13@gmail.com,,C,B777
Mentee,FO,B777,Child C14,00000048,C14@gmail.com,,C,B777
Mentee,FO,B777,Child C15,00000049,C15@gmail.com,,C,B777
Mentee,FO,B777,Child C16,00000050,C16@gmail.com,,C,B777
Mentee,FO,A350,Child D1,00000051, D1@gmail.com,,D,A350
Mentee,FO,A350,Child D2,00000052, D2@gmail.com,,D,A350
Mentee,FO,A350,Child D3,00000053, D3@gmail.com,,D,A350
Mentee,FO,A350,Child D4,00000054, D4@gmail.com,,D,A350
Mentee,FO,A350,Child D5,00000055, D5@gmail.com,,D,A350
Mentee,FO,A350,Child D6,00000056, D6@gmail.com,,D,A350
Mentee,FO,A350,Child D7,00000057, D7@gmail.com,,D,A350
Mentee,FO,A350,Child D8,00000058, D8@gmail.com,,D,A350
Mentee,FO,A350,Child D9,00000059, D9@gmail.com,,D,A350
Mentee,FO,A350,Child D10,00000060,D10@gmail.com,,D,A350
Mentee,FO,A350,Child D11,00000061,D11@gmail.com,,D,A350
Mentee,FO,A350,Child D12,00000062,D12@gmail.com,,D,A350
Mentee,FO,A350,Child D13,00000063,D13@gmail.com,,D,A350
Mentee,FO,A350,Child D14,00000064,D14@gmail.com,,D,A350
Mentee,FO,A350,Child D15,00000065,D15@gmail.com,,D,A350
Mentee,FO,A350,Child D16,00000066,D16@gmail.com,,D,A350
Mentee,FO,A350,Child D17,00000067,D17@gmail.com,,D,A350
Mentee,FO,A350,Child D18,00000068,D18@gmail.com,,D,A350
Mentee,FO,A350,Child D19,00000069,D19@gmail.com,,D,A350
Mentee,FO,A350,Child D20,00000070,D20@gmail.com,,D,A350
Mentee,FO,A350,Child D21,00000071,D21@gmail.com,,D,A350
Mentee,FO,A350,Child D22,00000072,D22@gmail.com,,D,A350
Mentee,FO,A350,Child D23,00000073,D23@gmail.com,,D,A350
Mentee,FO,A350,Child D24,00000074,D24@gmail.com,,D,A350
Mentee,FO,A350,Child D25,00000075,D25@gmail.com,,D,A350
Mentee,FO,A350,Child D26,00000076,D26@gmail.com,,D,A350
Mentee,FO,A350,Child D27,00000077,D27@gmail.com,,D,A350
Mentee,FO,A350,Child D28,00000078,D28@gmail.com,,D,A350
Mentee,FO,A350,Child D29,00000079,D29@gmail.com,,D,A350
Mentee,FO,A350,Child D30,00000080,D30@gmail.com,,D,A350
Mentee,FO,A350,Child D31,00000081,D31@gmail.com,,D,A350
Mentee,FO,A350,Child D32,00000082,D32@gmail.com,,D,A350
Mentee,FO,A350,Child D33,00000083,D33@gmail.com,,D,A350
Mentee,FO,A350,Child D34,00000084,D34@gmail.com,,D,A350
Mentee,FO,A350,Child D35,00000085,D35@gmail.com,,D,A350
Mentee,FO,A350,Child D36,00000086,D36@gmail.com,,D,A350
Mentee,FO,A350,Child D37,00000087,D37@gmail.com,,D,A350
Mentee,FO,A350,Child D38,00000088,D38@gmail.com,,D,A350
Mentee,FO,A350,Child D39,00000089,D39@gmail.com,,D,A350
Mentee,FO,A350,Child D40,00000090,D40@gmail.com,,D,A350
Mentee,FO,A350,Child D41,00000091,D41@gmail.com,,D,A350
Mentee,FO,A350,Child D42,00000092,D42@gmail.com,,D,A350
Mentee,FO,A350,Child D43,00000093,D43@gmail.com,,D,A350
Mentee,FO,A350,Child D44,00000094,D44@gmail.com,,D,A350
Mentee,FO,A350,Child D45,00000095,D45@gmail.com,,D,A350
Mentee,FO,A350,Child D46,00000096,D46@gmail.com,,D,A350
Mentee,FO,A350,Child D47,00000097,D47@gmail.com,,D,A350
Mentee,FO,A350,Child D48,00000098,D48@gmail.com,,D,A350
Mentee,FO,A350,Child D49,00000099,D49@gmail.com,,D,A350
Mentee,FO,A350,Child D50,00000100,D50@gmail.com,,D,A350
Mentee,FO,A350,Child E1,00000101, E1@gmail.com,,E,A350
Mentee,FO,A350,Child E2,00000102, E2@gmail.com,,E,A350
Mentee,FO,A350,Child E3,00000103, E3@gmail.com,,E,A350
Mentee,FO,A350,Child E4,00000104, E4@gmail.com,,E,A350
Mentee,FO,A350,Child E5,00000105, E5@gmail.com,,E,A350
Mentee,FO,A350,Child E6,00000106, E6@gmail.com,,E,A350
Mentee,FO,A350,Child E7,00000107, E7@gmail.com,,E,A350
Mentee,FO,A350,Child E8,00000108, E8@gmail.com,,E,A350
Mentee,FO,A350,Child E9,00000109, E9@gmail.com,,E,A350
Mentee,FO,A350,Child E10,00000110,E10@gmail.com,,E,A350
Mentee,FO,A350,Child E11,00000111,E11@gmail.com,,E,A350
Mentee,FO,A350,Child E12,00000112,E12@gmail.com,,E,A350
Mentee,FO,A350,Child E13,00000113,E13@gmail.com,,E,A350
Mentee,FO,A350,Child E14,00000114,E14@gmail.com,,E,A350
Mentee,FO,A350,Child E15,00000115,E15@gmail.com,,E,A350
Mentee,FO,A350,Child E16,00000116,E16@gmail.com,,E,A350
Mentee,FO,A350,Child E17,00000117,E17@gmail.com,,E,A350
Mentee,FO,A350,Child E18,00000118,E18@gmail.com,,E,A350
Mentee,FO,A350,Child E19,00000119,E19@gmail.com,,E,A350
Mentee,FO,A350,Child E20,00000120,E20@gmail.com,,E,A350
Mentee,FO,A350,Child E21,00000121,E21@gmail.com,,E,A350
Mentee,FO,A350,Child E22,00000122,E22@gmail.com,,E,A350
Mentee,FO,A350,Child E23,00000123,E23@gmail.com,,E,A350
Mentee,FO,A350,Child E24,00000124,E24@gmail.com,,E,A350
Mentee,FO,A350,Child E25,00000125,E25@gmail.com,,E,A350
Mentee,FO,A350,Child E26,00000126,E26@gmail.com,,E,A350
Mentee,FO,A350,Child E27,00000127,E27@gmail.com,,E,A350
Mentee,FO,A350,Child E28,00000128,E28@gmail.com,,E,A350
Mentee,FO,A350,Child E29,00000129,E29@gmail.com,,E,A350
Mentee,FO,A350,Child E30,00000130,E30@gmail.com,,E,A350
Mentee,FO,A350,Child E31,00000131,E31@gmail.com,,E,A350
Mentee,FO,A350,Child E32,00000132,E32@gmail.com,,E,A350
Mentee,FO,A350,Child E33,00000133,E33@gmail.com,,E,A350
Mentee,FO,A350,Child E34,00000134,E34@gmail.com,,E,A350
Mentee,FO,A350,Child E35,00000135,E35@gmail.com,,E,A350
Mentee,FO,A350,Child E36,00000136,E36@gmail.com,,E,A350
Mentee,FO,A350,Child E37,00000137,E37@gmail.com,,E,A350
Mentee,FO,A350,Child E38,00000138,E38@gmail.com,,E,A350
Mentee,FO,A350,Child E39,00000139,E39@gmail.com,,E,A350
Mentee,FO,A350,Child E40,00000140,E40@gmail.com,,E,A350
Mentee,FO,A350,Child E41,00000141,E41@gmail.com,,E,A350
Mentee,FO,A350,Child E42,00000142,E42@gmail.com,,E,A350
Mentee,FO,A350,Child E43,00000143,E43@gmail.com,,E,A350
Mentee,FO,A350,Child E44,00000144,E44@gmail.com,,E,A350
Mentee,FO,A350,Child E45,00000145,E45@gmail.com,,E,A350
Mentee,FO,A350,Child E46,00000146,E46@gmail.com,,E,A350
Mentee,FO,A350,Child E47,00000147,E47@gmail.com,,E,A350
Mentee,FO,A350,Child E48,00000148,E48@gmail.com,,E,A350
Mentee,FO,A350,Child E49,00000149,E49@gmail.com,,E,A350
Mentee,FO,A350,Child E50,00000150,E50@gmail.com,,E,A350
Mentee,FO,A350,Child E51,00000151,E51@gmail.com,,E,A350
Mentee,FO,A350,Child E52,00000152,E52@gmail.com,,E,A350
Mentee,FO,A350,Child E53,00000153,E53@gmail.com,,E,A350
Mentee,FO,A350,Child E54,00000154,E54@gmail.com,,E,A350
Mentee,FO,A380,Child F1,00000155, F1@gmail.com,,F,A380
Mentee,FO,A380,Child F2,00000156, F2@gmail.com,,F,A380
Mentee,FO,A380,Child F3,00000157, F3@gmail.com,,F,A380
Mentee,FO,A380,Child F4,00000158, F4@gmail.com,,F,A380
Mentee,FO,A380,Child F5,00000159, F5@gmail.com,,F,A380
Mentee,FO,A380,Child F6,00000160, F6@gmail.com,,F,A380
Mentee,FO,A380,Child F7,00000161, F7@gmail.com,,F,A380
Mentee,FO,A380,Child F8,00000162, F8@gmail.com,,F,A380
Mentee,FO,A380,Child F9,00000163, F9@gmail.com,,F,A380
Mentee,FO,A380,Child F10,00000164,F10@gmail.com,,F,A380
Mentee,FO,A380,Child F11,00000165,F11@gmail.com,,F,A380
Mentee,FO,A380,Child F12,00000166,F12@gmail.com,,F,A380
Mentee,FO,A380,Child F13,00000167,F13@gmail.com,,F,A380
Mentee,FO,A380,Child F14,00000168,F14@gmail.com,,F,A380
Mentee,FO,A380,Child F15,00000169,F15@gmail.com,,F,A380
Mentee,FO,A380,Child F16,00000170,F16@gmail.com,,F,A380
Mentee,FO,A380,Child F17,00000171,F17@gmail.com,,F,A380
Mentee,FO,A380,Child F18,00000172,F18@gmail.com,,F,A380
Mentee,FO,A380,Child F19,00000173,F19@gmail.com,,F,A380
Mentee,FO,A380,Child F20,00000174,F20@gmail.com,,F,A380
Mentee,FO,A380,Child F21,00000175,F21@gmail.com,,F,A380
Mentee,FO,A380,Child F22,00000176,F22@gmail.com,,F,A380
Mentee,FO,A380,Child F23,00000177,F23@gmail.com,,F,A380
Mentee,FO,A380,Child F24,00000178,F24@gmail.com,,F,A380
Mentee,FO,A380,Child F25,00000179,F25@gmail.com,,F,A380
Mentee,FO,A380,Child F26,00000180,F26@gmail.com,,F,A380
Mentee,FO,A380,Child F27,00000181,F27@gmail.com,,F,A380
Mentee,FO,A380,Child F28,00000182,F28@gmail.com,,F,A380
Mentee,FO,A380,Child F29,00000183,F29@gmail.com,,F,A380
Mentee,FO,A380,Child F30,00000184,F30@gmail.com,,F,A380
Mentee,FO,A380,Child F31,00000185,F31@gmail.com,,F,A380
Mentee,FO,A380,Child F32,00000186,F32@gmail.com,,F,A380
Mentee,FO,A380,Child F33,00000187,F33@gmail.com,,F,A380
Mentee,FO,A380,Child F34,00000188,F34@gmail.com,,F,A380
Mentee,FO,A380,Child F35,00000189,F35@gmail.com,,F,A380
Mentee,FO,A380,Child F36,00000190,F36@gmail.com,,F,A380
Mentee,FO,A380,Child F37,00000191,F37@gmail.com,,F,A380
Mentee,FO,A380,Child F38,00000192,F38@gmail.com,,F,A380
Mentee,FO,A380,Child F39,00000193,F39@gmail.com,,F,A380
Mentee,FO,A380,Child F40,00000194,F40@gmail.com,,F,A380
Mentee,FO,A380,Child F41,00000195,F41@gmail.com,,F,A380
Mentee,FO,A380,Child F42,00000196,F42@gmail.com,,F,A380
Mentee,FO,A380,Child F43,00000197,F43@gmail.com,,F,A380
Mentee,FO,A380,Child F44,00000198,F44@gmail.com,,F,A380
Mentee,FO,A380,Child F45,00000199,F45@gmail.com,,F,A380
Mentee,FO,A380,Child F46,00000200,F46@gmail.com,,F,A380
Mentee,FO,A380,Child F47,00000201,F47@gmail.com,,F,A380
Mentee,FO,A380,Child F48,00000202,F48@gmail.com,,F,A380
Mentee,FO,A380,Child F49,00000203,F49@gmail.com,,F,A380
Mentee,FO,A380,Child F50,00000204,F50@gmail.com,,F,A380
Mentee,FO,A380,Child F51,00000205,F51@gmail.com,,F,A380
Mentee,FO,A380,Child F52,00000206,F52@gmail.com,,F,A380
Mentee,FO,A380,Child F53,00000207,F53@gmail.com,,F,A380
Mentee,FO,A380,Child F54,00000208,F54@gmail.com,,F,A380
Mentee,FO,A380,Child F55,00000209,F55@gmail.com,,F,A380
Mentee,FO,A380,Child F56,00000210,F56@gmail.com,,F,A380
Mentee,FO,A380,Child F57,00000211,F57@gmail.com,,F,A380
Mentee,FO,A380,Child F58,00000212,F58@gmail.com,,F,A380
Mentee,FO,A380,Child F59,00000213,F59@gmail.com,,F,A380
Mentee,FO,A380,Child F60,00000214,F60@gmail.com,,F,A380
Mentee,FO,A380,Child F61,00000215,F61@gmail.com,,F,A380
Mentee,FO,A380,Child F62,00000216,F62@gmail.com,,F,A380
Mentee,FO,A380,Child F63,00000217,F63@gmail.com,,F,A380
Mentee,FO,A380,Child F64,00000218,F64@gmail.com,,F,A380
Mentee,FO,A380,Child F65,00000219,F65@gmail.com,,F,A380
Mentee,FO,A380,Child F66,00000220,F66@gmail.com,,F,A380
Mentee,FO,A380,Child F67,00000221,F67@gmail.com,,F,A380
Mentee,FO,A380,Child F68,00000222,F68@gmail.com,,F,A380
Mentee,FO,A380,Child F69,00000223,F69@gmail.com,,F,A380
Mentee,FO,A380,Child F70,00000224,F70@gmail.com,,F,A380
Mentee,FO,A380,Child F71,00000225,F71@gmail.com,,F,A380
Mentee,FO,A380,Child F72,00000226,F72@gmail.com,,F,A380
Mentee,FO,A380,Child F73,00000227,F73@gmail.com,,F,A380
Mentee,FO,A380,Child F74,00000228,F74@gmail.com,,F,A380
Mentee,FO,A380,Child F75,00000229,F75@gmail.com,,F,A380
Mentee,FO,A380,Child F76,00000230,F76@gmail.com,,F,A380
Mentee,FO,A380,Child F77,00000231,F77@gmail.com,,F,A380
Mentee,FO,A380,Child F78,00000232,F78@gmail.com,,F,A380
Mentee,FO,A380,Child F79,00000233,F79@gmail.com,,F,A380
Mentee,FO,A380,Child F80,00000234,F80@gmail.com,,F,A380
Mentee,FO,A380,Child F81,00000235,F81@gmail.com,,F,A380
Mentee,FO,A380,Child F82,00000236,F82@gmail.com,,F,A380
Mentee,FO,A380,Child F83,00000237,F83@gmail.com,,F,A380
Mentee,FO,A380,Child F84,00000238,F84@gmail.com,,F,A380
Mentee,FO,A380,Child F85,00000239,F85@gmail.com,,F,A380
Mentee,FO,A380,Child F86,00000240,F86@gmail.com,,F,A380
Mentee,FO,A380,Child F87,00000241,F87@gmail.com,,F,A380
Mentee,FO,B787,Child G1,00000242, G1@gmail.com,,G,B787
Mentee,FO,B787,Child G2,00000243, G2@gmail.com,,G,B787
Mentee,FO,B787,Child G3,00000244, G3@gmail.com,,G,B787
Mentee,FO,B787,Child G4,00000245, G4@gmail.com,,G,B787
Mentee,FO,B787,Child G5,00000246, G5@gmail.com,,G,B787
Mentee,FO,B787,Child G6,00000247, G6@gmail.com,,G,B787
Mentee,FO,B787,Child G7,00000248, G7@gmail.com,,G,B787
Mentee,FO,B787,Child G8,00000249, G8@gmail.com,,G,B787
Mentee,FO,B787,Child G9,00000250, G9@gmail.com,,G,B787
Mentee,FO,B787,Child G10,00000251,G10@gmail.com,,G,B787
Mentee,FO,B787,Child G11,00000252,G11@gmail.com,,G,B787
Mentee,FO,B787,Child G12,00000253,G12@gmail.com,,G,B787
Mentee,FO,B787,Child G13,00000254,G13@gmail.com,,G,B787
Mentee,FO,B787,Child G14,00000255,G14@gmail.com,,G,B787
Mentee,FO,B787,Child G15,00000256,G15@gmail.com,,G,B787
Mentee,FO,B787,Child G16,00000257,G16@gmail.com,,G,B787
Mentee,FO,B787,Child G17,00000258,G17@gmail.com,,G,B787
Mentee,FO,B787,Child G18,00000259,G18@gmail.com,,G,B787
Mentee,FO,B787,Child G19,00000260,G19@gmail.com,,G,B787
Mentee,FO,B787,Child G20,00000261,G20@gmail.com,,G,B787
Mentee,FO,B787,Child G21,00000262,G21@gmail.com,,G,B787
Mentee,FO,B787,Child G22,00000263,G22@gmail.com,,G,B787
Mentee,FO,B787,Child G23,00000264,G23@gmail.com,,G,B787
Mentee,FO,B787,Child G24,00000265,G24@gmail.com,,G,B787
Mentee,FO,B787,Child G25,00000266,G25@gmail.com,,G,B787
Mentee,FO,B787,Child G26,00000267,G26@gmail.com,,G,B787
Mentee,FO,B787,Child G27,00000268,G27@gmail.com,,G,B787
Mentee,FO,B787,Child G28,00000269,G28@gmail.com,,G,B787
Mentee,FO,B787,Child G29,00000270,G29@gmail.com,,G,B787
Mentee,FO,B787,Child G30,00000271,G30@gmail.com,,G,B787
Mentee,FO,B787,Child G31,00000272,G31@gmail.com,,G,B787
Mentee,FO,B787,Child G32,00000273,G32@gmail.com,,G,B787
Mentee,FO,B787,Child G33,00000274,G33@gmail.com,,G,B787
Mentee,FO,B787,Child G34,00000275,G34@gmail.com,,G,B787
Mentee,FO,B787,Child G35,00000276,G35@gmail.com,,G,B787
Mentee,FO,B787,Child G36,00000277,G36@gmail.com,,G,B787
Mentee,FO,B787,Child G37,00000278,G37@gmail.com,,G,B787
Mentee,FO,B787,Child G38,00000279,G38@gmail.com,,G,B787
Mentee,FO,B787,Child G39,00000280,G39@gmail.com,,G,B787
Mentee,FO,B787,Child G40,00000281,G40@gmail.com,,G,B787
Mentee,FO,B787,Child G41,00000282,G41@gmail.com,,G,B787
Mentee,FO,B787,Child G42,00000283,G42@gmail.com,,G,B787
Mentee,FO,B787,Child G43,00000284,G43@gmail.com,,G,B787
Mentee,FO,B787,Child G44,00000285,G44@gmail.com,,G,B787
Mentee,FO,B787,Child G45,00000286,G45@gmail.com,,G,B787
Mentee,FO,B787,Child G46,00000287,G46@gmail.com,,G,B787
Mentee,FO,B787,Child G47,00000288,G47@gmail.com,,G,B787
Mentee,FO,B787,Child G48,00000289,G48@gmail.com,,G,B787
Mentee,FO,B787,Child G49,00000290,G49@gmail.com,,G,B787
Mentee,FO,B787,Child G50,00000291,G50@gmail.com,,G,B787
Mentee,FO,B787,Child G51,00000292,G51@gmail.com,,G,B787
Mentee,FO,B787,Child G52,00000293,G52@gmail.com,,G,B787
Mentee,FO,B787,Child G53,00000294,G53@gmail.com,,G,B787
Mentee,FO,B787,Child G54,00000295,G54@gmail.com,,G,B787
Mentee,FO,B787,Child G55,00000296,G55@gmail.com,,G,B787
Mentee,FO,B787,Child G56,00000297,G56@gmail.com,,G,B787
Mentee,FO,B787,Child G57,00000298,G57@gmail.com,,G,B787
Mentee,FO,B787,Child G58,00000299,G58@gmail.com,,G,B787
Mentee,FO,B787,Child G59,00000300,G59@gmail.com,,G,B787
Mentee,FO,B787,Child G60,00000301,G60@gmail.com,,G,B787
Mentee,FO,B787,Child G61,00000302,G61@gmail.com,,G,B787
Mentee,FO,B787,Child G62,00000303,G62@gmail.com,,G,B787
Mentee,FO,B787,Child G63,00000304,G63@gmail.com,,G,B787
Mentee,FO,B787,Child G64,00000305,G64@gmail.com,,G,B787
Mentee,FO,B787,Child G65,00000306,G65@gmail.com,,G,B787
Mentee,FO,B787,Child G66,00000307,G66@gmail.com,,G,B787
Mentee,FO,B787,Child G67,00000308,G67@gmail.com,,G,B787
Mentee,FO,B787,Child G68,00000309,G68@gmail.com,,G,B787
Mentee,FO,B787,Child G69,00000310,G69@gmail.com,,G,B787
Mentee,FO,B787,Child G70,00000311,G70@gmail.com,,G,B787
Mentee,FO,B787,Child G71,00000312,G71@gmail.com,,G,B787
Mentee,FO,B787,Child G72,00000313,G72@gmail.com,,G,B787
Mentee,FO,B787,Child G73,00000314,G73@gmail.com,,G,B787
Mentee,FO,B787,Child G74,00000315,G74@gmail.com,,G,B787
Mentee,FO,B787,Child G75,00000316,G75@gmail.com,,G,B787
Mentee,FO,B787,Child G76,00000317,G76@gmail.com,,G,B787
Mentee,FO,B787,Child G77,00000318,G77@gmail.com,,G,B787
Mentee,FO,B787,Child G78,00000319,G78@gmail.com,,G,B787
Mentee,FO,B787,Child G79,00000320,G79@gmail.com,,G,B787
Mentee,FO,B787,Child G80,00000321,G80@gmail.com,,G,B787
Mentee,FO,B787,Child G81,00000322,G81@gmail.com,,G,B787
Mentee,FO,B787,Child G82,00000323,G82@gmail.com,,G,B787
Mentee,FO,B787,Child G83,00000324,G83@gmail.com,,G,B787
Mentee,FO,B787,Child G84,00000325,G84@gmail.com,,G,B787
Mentee,FO,B744,Child H1,00000326, H1@gmail.com,,H,B744
Mentee,FO,B744,Child H2,00000327, H2@gmail.com,,H,B744
Mentee,FO,B744,Child H3,00000328, H3@gmail.com,,H,B744
Mentee,FO,B744,Child H4,00000329, H4@gmail.com,,H,B744
Mentee,FO,B744,Child H5,00000330, H5@gmail.com,,H,B744
Mentee,FO,B744,Child H6,00000331, H6@gmail.com,,H,B744
Mentee,FO,B744,Child H7,00000332, H7@gmail.com,,H,B744
Mentee,FO,B744,Child H8,00000333, H8@gmail.com,,H,B744
Mentee,FO,B744,Child H9,00000334, H9@gmail.com,,H,B744
Mentee,FO,B744,Child H10,00000335,H10@gmail.com,,H,B744
Mentee,FO,B744,Child H11,00000336,H11@gmail.com,,H,B744
Mentee,FO,B744,Child H12,00000337,H12@gmail.com,,H,B744
Mentee,FO,B744,Child H13,00000338,H13@gmail.com,,H,B744
Mentee,FO,B744,Child H14,00000339,H14@gmail.com,,H,B744
Mentee,FO,B744,Child H15,00000340,H15@gmail.com,,H,B744
Mentee,FO,B744,Child H16,00000341,H16@gmail.com,,H,B744
Mentee,FO,B744,Child H17,00000342,H17@gmail.com,,H,B744
Mentee,FO,B744,Child H18,00000343,H18@gmail.com,,H,B744
Mentee,FO,B744,Child H19,00000344,H19@gmail.com,,H,B744
Mentee,FO,B744,Child H20,00000345,H20@gmail.com,,H,B744
Mentee,FO,B744,Child H21,00000346,H21@gmail.com,,H,B744
Mentee,FO,B744,Child H22,00000347,H22@gmail.com,,H,B744
Mentee,FO,B744,Child H23,00000348,H23@gmail.com,,H,B744
Mentee,FO,B744,Child H24,00000349,H24@gmail.com,,H,B744
Mentee,FO,B744,Child H25,00000350,H25@gmail.com,,H,B744
Mentee,FO,B744,Child H26,00000351,H26@gmail.com,,H,B744
Mentee,FO,B744,Child H27,00000352,H27@gmail.com,,H,B744
Mentee,FO,B744,Child H28,00000353,H28@gmail.com,,H,B744
Mentee,FO,B744,Child H29,00000354,H29@gmail.com,,H,B744
Mentee,FO,B744,Child H30,00000355,H30@gmail.com,,H,B744
Mentee,FO,B744,Child H31,00000356,H31@gmail.com,,H,B744
Mentee,FO,B744,Child H32,00000357,H32@gmail.com,,H,B744
Mentee,FO,B744,Child H33,00000358,H33@gmail.com,,H,B744
Mentee,FO,B744,Child H34,00000359,H34@gmail.com,,H,B744
Mentee,FO,B744,Child H35,00000360,H35@gmail.com,,H,B744
Mentee,FO,B744,Child H36,00000361,H36@gmail.com,,H,B744
Mentee,FO,B744,Child H37,00000362,H37@gmail.com,,H,B744
Mentee,FO,B744,Child H38,00000363,H38@gmail.com,,H,B744
Mentee,FO,B744,Child H39,00000364,H39@gmail.com,,H,B744
Mentee,FO,B744,Child H40,00000365,H40@gmail.com,,H,B744
Mentee,FO,B744,Child H41,00000366,H41@gmail.com,,H,B744
Mentee,FO,B744,Child H42,00000367,H42@gmail.com,,H,B744
Mentee,FO,B744,Child H43,00000368,H43@gmail.com,,H,B744
Mentee,FO,B744,Child H44,00000369,H44@gmail.com,,H,B744
Mentee,FO,B744,Child H45,00000370,H45@gmail.com,,H,B744
Mentee,FO,B744,Child H46,00000371,H46@gmail.com,,H,B744
Mentee,FO,B744,Child H47,00000372,H47@gmail.com,,H,B744
Mentee,FO,B744,Child H48,00000373,H48@gmail.com,,H,B744
Mentee,FO,B744,Child H49,00000374,H49@gmail.com,,H,B744
Mentee,FO,B744,Child H50,00000375,H50@gmail.com,,H,B744
Mentee,FO,B744,Child H51,00000376,H51@gmail.com,,H,B744
Mentee,FO,B744,Child H52,00000377,H52@gmail.com,,H,B744
Mentee,FO,B744,Child H53,00000378,H53@gmail.com,,H,B744
Mentee,FO,B744,Child H54,00000379,H54@gmail.com,,H,B744
Mentee,FO,B744,Child H55,00000380,H55@gmail.com,,H,B744
Mentee,FO,B744,Child H56,00000381,H56@gmail.com,,H,B744
Mentee,FO,B744,Child H57,00000382,H57@gmail.com,,H,B744
Mentee,FO,B744,Child H58,00000383,H58@gmail.com,,H,B744
Mentee,FO,B744,Child H59,00000384,H59@gmail.com,,H,B744
Mentee,FO,B744,Child H60,00000385,H60@gmail.com,,H,B744
Mentee,FO,B744,Child H61,00000386,H61@gmail.com,,H,B744
Mentee,FO,B744,Child H62,00000387,H62@gmail.com,,H,B744
Mentee,FO,B744,Child H63,00000388,H63@gmail.com,,H,B744
Mentee,FO,B744,Child H64,00000389,H64@gmail.com,,H,B744
Mentee,FO,B744,Child H65,00000390,H65@gmail.com,,H,B744
Mentee,FO,B744,Child H66,00000391,H66@gmail.com,,H,B744
Mentee,FO,B744,Child H67,00000392,H67@gmail.com,,H,B744
Mentee,FO,B744,Child H68,00000393,H68@gmail.com,,H,B744
Mentee,FO,B744,Child H69,00000394,H69@gmail.com,,H,B744
Mentee,FO,B744,Child H70,00000395,H70@gmail.com,,H,B744
Mentee,FO,B744,Child H71,00000396,H71@gmail.com,,H,B744
Mentee,FO,B744,Child H72,00000397,H72@gmail.com,,H,B744
Mentee,FO,B744,Child H73,00000398,H73@gmail.com,,H,B744
Mentee,FO,B744,Child H74,00000399,H74@gmail.com,,H,B744
Mentee,FO,B744,Child H75,00000400,H75@gmail.com,,H,B744
Mentee,FO,B744,Child H76,00000401,H76@gmail.com,,H,B744
Mentee,FO,B744,Child I1,00000402, I1@gmail.com,,i,B744
Mentee,FO,B744,Child I2,00000403, I2@gmail.com,,i,B744
Mentee,FO,B744,Child I3,00000404, I3@gmail.com,,i,B744
Mentee,FO,B744,Child I4,00000405, I4@gmail.com,,i,B744
Mentee,FO,B744,Child I5,00000406, I5@gmail.com,,i,B744
Mentee,FO,B744,Child I6,00000407, I6@gmail.com,,i,B744
Mentee,FO,B744,Child I7,00000408, I7@gmail.com,,i,B744
Mentee,FO,B744,Child I8,00000409, I8@gmail.com,,i,B744
Mentee,FO,B744,Child I9,00000410, I9@gmail.com,,i,B744
Mentee,FO,B744,Child I10,00000411,I10@gmail.com,,i,B744
Mentee,FO,B744,Child I11,00000412,I11@gmail.com,,i,B744
Mentee,FO,B744,Child I12,00000413,I12@gmail.com,,i,B744
Mentee,FO,B744,Child I13,00000414,I13@gmail.com,,i,B744
Mentee,FO,B744,Child I14,00000415,I14@gmail.com,,i,B744
Mentee,FO,B744,Child I15,00000416,I15@gmail.com,,i,B744
Mentee,FO,B744,Child I16,00000417,I16@gmail.com,,i,B744
Mentee,FO,B744,Child I17,00000418,I17@gmail.com,,i,B744
Mentee,FO,B744,Child I18,00000419,I18@gmail.com,,i,B744
Mentee,FO,B744,Child I19,00000420,I19@gmail.com,,i,B744
Mentee,FO,B744,Child I20,00000421,I20@gmail.com,,i,B744
Mentee,FO,B744,Child I21,00000422,I21@gmail.com,,i,B744
Mentee,FO,B744,Child I22,00000423,I22@gmail.com,,i,B744
Mentee,FO,B744,Child I23,00000424,I23@gmail.com,,i,B744
Mentee,FO,B744,Child I24,00000425,I24@gmail.com,,i,B744
Mentee,FO,B744,Child I25,00000426,I25@gmail.com,,i,B744
Mentee,FO,B744,Child I26,00000427,I26@gmail.com,,i,B744
Mentee,FO,B744,Child I27,00000428,I27@gmail.com,,i,B744
Mentee,FO,B744,Child I28,00000429,I28@gmail.com,,i,B744
Mentee,FO,B744,Child I29,00000430,I29@gmail.com,,i,B744
Mentee,FO,B744,Child I30,00000431,I30@gmail.com,,i,B744
Mentee,FO,B744,Child I31,00000432,I31@gmail.com,,i,B744
Mentee,FO,B744,Child I32,00000433,I32@gmail.com,,i,B744
Mentee,FO,B744,Child I33,00000434,I33@gmail.com,,i,B744
Mentee,FO,B744,Child I34,00000435,I34@gmail.com,,i,B744
Mentee,FO,B744,Child I35,00000436,I35@gmail.com,,i,B744
Mentee,FO,B744,Child I36,00000437,I36@gmail.com,,i,B744
Mentee,FO,B744,Child I37,00000438,I37@gmail.com,,i,B744
Mentee,FO,B744,Child I38,00000439,I38@gmail.com,,i,B744
Mentee,FO,B744,Child I39,00000440,I39@gmail.com,,i,B744
Mentee,FO,B744,Child I40,00000441,I40@gmail.com,,i,B744
Mentee,FO,B744,Child I41,00000442,I41@gmail.com,,i,B744
Mentee,FO,B744,Child I42,00000443,I42@gmail.com,,i,B744
Mentee,FO,B744,Child I43,00000444,I43@gmail.com,,i,B744
Mentee,FO,B744,Child I44,00000445,I44@gmail.com,,i,B744
Mentee,FO,B744,Child I45,00000446,I45@gmail.com,,i,B744
Mentee,FO,B744,Child I46,00000447,I46@gmail.com,,i,B744
Mentee,FO,B744,Child I47,00000448,I47@gmail.com,,i,B744
Mentee,FO,B744,Child I48,00000449,I48@gmail.com,,i,B744
Mentee,FO,B744,Child I49,00000450,I49@gmail.com,,i,B744
Mentee,FO,B744,Child I50,00000451,I50@gmail.com,,i,B744
Mentee,FO,B744,Child I51,00000452,I51@gmail.com,,i,B744
Mentee,FO,B744,Child I52,00000453,I52@gmail.com,,i,B744
Mentee,FO,B744,Child I53,00000454,I53@gmail.com,,i,B744
Mentee,FO,B744,Child I54,00000455,I54@gmail.com,,i,B744
Mentee,FO,B744,Child I55,00000456,I55@gmail.com,,i,B744
Mentee,FO,B744,Child I56,00000457,I56@gmail.com,,i,B744
Mentee,FO,B744,Child I57,00000458,I57@gmail.com,,i,B744
Mentee,FO,B744,Child I58,00000459,I58@gmail.com,,i,B744
Mentee,FO,B744,Child I59,00000460,I59@gmail.com,,i,B744
Mentee,FO,B744,Child I60,00000461,I60@gmail.com,,i,B744
Mentee,FO,B744,Child I61,00000462,I61@gmail.com,,i,B744
Mentee,FO,B744,Child I62,00000463,I62@gmail.com,,i,B744
Mentee,FO,B744,Child I63,00000464,I63@gmail.com,,i,B744
Mentee,FO,B744,Child I64,00000465,I64@gmail.com,,i,B744
Mentee,FO,B744,Child I65,00000466,I65@gmail.com,,i,B744
Mentee,FO,B744,Child I66,00000467,I66@gmail.com,,i,B744
Mentee,FO,B744,Child I67,00000468,I67@gmail.com,,i,B744
Mentee,FO,B744,Child I68,00000469,I68@gmail.com,,i,B744
Mentee,FO,B744,Child I69,00000470,I69@gmail.com,,i,B744
Mentee,FO,B744,Child I70,00000471,I70@gmail.com,,i,B744
Mentee,FO,B744,Child I71,00000472,I71@gmail.com,,i,B744
Mentee,FO,B744,Child I72,00000473,I72@gmail.com,,i,B744
Mentee,FO,B744,Child I73,00000474,I73@gmail.com,,i,B744
Mentee,FO,B744,Child I74,00000475,I74@gmail.com,,i,B744
Mentee,FO,B744,Child I75,00000476,I75@gmail.com,,i,B744
Mentee,FO,B744,Child I76,00000477,I76@gmail.com,,i,B744
Mentee,FO,B744,Child I77,00000478,I77@gmail.com,,i,B744
Mentee,FO,B744,Child I78,00000479,I78@gmail.com,,i,B744
Mentee,FO,B744,Child I79,00000480,I79@gmail.com,,i,B744
Mentee,FO,B744,Child I80,00000481,I80@gmail.com,,i,B744
Mentee,FO,B744,Child I81,00000482,I81@gmail.com,,i,B744
Mentee,FO,B744,Child I82,00000483,I82@gmail.com,,i,B744
Mentee,FO,B744,Child I83,00000484,I83@gmail.com,,i,B744
Mentee,FO,B744,Child I84,00000485,I84@gmail.com,,i,B744
Mentee,FO,B744,Child I85,00000486,I85@gmail.com,,i,B744
Mentee,FO,B744,Child I86,00000487,I86@gmail.com,,i,B744
Mentee,FO,B744,Child I87,00000488,I87@gmail.com,,i,B744
Mentee,FO,B787,Child J1,00000489, J1@gmail.com,,J,B787
Mentee,FO,B787,Child J2,00000490, J2@gmail.com,,J,B787
Mentee,FO,B787,Child J3,00000491, J3@gmail.com,,J,B787
Mentee,FO,B787,Child J4,00000492, J4@gmail.com,,J,B787
Mentee,FO,B787,Child J5,00000493, J5@gmail.com,,J,B787
Mentee,FO,B787,Child J6,00000494, J6@gmail.com,,J,B787
Mentee,FO,B787,Child J7,00000495, J7@gmail.com,,J,B787
Mentee,FO,B787,Child J8,00000496, J8@gmail.com,,J,B787
Mentee,FO,B787,Child J9,00000497, J9@gmail.com,,J,B787
Mentee,FO,B787,Child J10,00000498,J10@gmail.com,,J,B787
Mentee,FO,B787,Child J11,00000499,J11@gmail.com,,J,B787
Mentee,FO,B787,Child J12,00000500,J12@gmail.com,,J,B787
Mentee,FO,B787,Child J13,00000501,J13@gmail.com,,J,B787
Mentee,FO,B787,Child J14,00000502,J14@gmail.com,,J,B787
Mentee,FO,B787,Child J15,00000503,J15@gmail.com,,J,B787
Mentee,FO,B787,Child J16,00000504,J16@gmail.com,,J,B787
Mentee,FO,B787,Child J17,00000505,J17@gmail.com,,J,B787
Mentee,FO,B787,Child J18,00000506,J18@gmail.com,,J,B787
Mentee,FO,B787,Child J19,00000507,J19@gmail.com,,J,B787
Mentee,FO,B787,Child J20,00000508,J20@gmail.com,,J,B787
Mentee,FO,B787,Child J21,00000509,J21@gmail.com,,J,B787
Mentee,FO,B787,Child J22,00000510,J22@gmail.com,,J,B787
Mentee,FO,B787,Child J23,00000511,J23@gmail.com,,J,B787
Mentee,FO,B787,Child J24,00000512,J24@gmail.com,,J,B787
Mentee,FO,B787,Child J25,00000513,J25@gmail.com,,J,B787
Mentee,FO,B787,Child J26,00000514,J26@gmail.com,,J,B787
Mentee,FO,B787,Child J27,00000515,J27@gmail.com,,J,B787
Mentee,FO,B787,Child J28,00000516,J28@gmail.com,,J,B787
Mentee,FO,B787,Child J29,00000517,J29@gmail.com,,J,B787
Mentee,FO,B787,Child J30,00000518,J30@gmail.com,,J,B787
Mentee,FO,B787,Child J31,00000519,J31@gmail.com,,J,B787
Mentee,FO,B787,Child J32,00000520,J32@gmail.com,,J,B787
Mentee,FO,B787,Child J33,00000521,J33@gmail.com,,J,B787
Mentee,FO,B787,Child J34,00000522,J34@gmail.com,,J,B787
Mentee,FO,B787,Child J35,00000523,J35@gmail.com,,J,B787
Mentee,FO,B787,Child J36,00000524,J36@gmail.com,,J,B787
Mentee,FO,B787,Child J37,00000525,J37@gmail.com,,J,B787
Mentee,FO,B787,Child J38,00000526,J38@gmail.com,,J,B787
Mentee,FO,B787,Child J39,00000527,J39@gmail.com,,J,B787
Mentee,FO,B787,Child J40,00000528,J40@gmail.com,,J,B787
Mentee,FO,B787,Child J41,00000529,J41@gmail.com,,J,B787
Mentee,FO,B787,Child J42,00000530,J42@gmail.com,,J,B787
Mentee,FO,B787,Child J43,00000531,J43@gmail.com,,J,B787
Mentee,FO,B787,Child J44,00000532,J44@gmail.com,,J,B787
Mentee,FO,B787,Child J45,00000533,J45@gmail.com,,J,B787
Mentee,FO,B787,Child J46,00000534,J46@gmail.com,,J,B787
Mentee,FO,B787,Child J47,00000535,J47@gmail.com,,J,B787
Mentee,FO,B787,Child J48,00000536,J48@gmail.com,,J,B787
Mentee,FO,B787,Child J49,00000537,J49@gmail.com,,J,B787
Mentee,FO,B787,Child J50,00000538,J50@gmail.com,,J,B787
Mentee,FO,B787,Child J51,00000539,J51@gmail.com,,J,B787
Mentee,FO,B787,Child J52,00000540,J52@gmail.com,,J,B787
Mentee,FO,B787,Child J53,00000541,J53@gmail.com,,J,B787
Mentee,FO,B787,Child J54,00000542,J54@gmail.com,,J,B787
Mentee,FO,B787,Child J55,00000543,J55@gmail.com,,J,B787
Mentee,FO,B787,Child J56,00000544,J56@gmail.com,,J,B787
Mentee,FO,B787,Child J57,00000545,J57@gmail.com,,J,B787
Mentee,FO,B787,Child J58,00000546,J58@gmail.com,,J,B787
Mentee,FO,B787,Child J59,00000547,J59@gmail.com,,J,B787
Mentee,FO,B787,Child J60,00000548,J60@gmail.com,,J,B787
Mentee,FO,B787,Child J61,00000549,J61@gmail.com,,J,B787
Mentee,FO,B787,Child J62,00000550,J62@gmail.com,,J,B787
Mentee,FO,B787,Child J63,00000551,J63@gmail.com,,J,B787
Mentee,FO,B787,Child J64,00000552,J64@gmail.com,,J,B787
Mentee,FO,B787,Child J65,00000553,J65@gmail.com,,J,B787
Mentee,FO,B787,Child J66,00000554,J66@gmail.com,,J,B787
Mentee,FO,B787,Child J67,00000555,J67@gmail.com,,J,B787
Mentee,FO,B787,Child J68,00000556,J68@gmail.com,,J,B787
Mentee,FO,B787,Child J69,00000557,J69@gmail.com,,J,B787
Mentee,FO,B787,Child J70,00000558,J70@gmail.com,,J,B787
Mentee,FO,B787,Child J71,00000559,J71@gmail.com,,J,B787
Mentee,FO,B787,Child J72,00000560,J72@gmail.com,,J,B787
Mentee,FO,B787,Child J73,00000561,J73@gmail.com,,J,B787
Mentee,FO,B787,Child J74,00000562,J74@gmail.com,,J,B787
Mentee,FO,B787,Child J75,00000563,J75@gmail.com,,J,B787
Mentee,FO,B787,Child J76,00000564,J76@gmail.com,,J,B787
Mentee,FO,B787,Child J77,00000565,J77@gmail.com,,J,B787
Mentee,FO,B787,Child J78,00000566,J78@gmail.com,,J,B787
Mentee,FO,B787,Child J79,00000567,J79@gmail.com,,J,B787
Mentee,FO,A330,Child K1,00000568, K1@gmail.com,,K,A330
Mentee,FO,A330,Child K2,00000569, K2@gmail.com,,K,A330
Mentee,FO,A330,Child K3,00000570, K3@gmail.com,,K,A330
Mentee,FO,A330,Child K4,00000571, K4@gmail.com,,K,A330
Mentee,FO,A330,Child K5,00000572, K5@gmail.com,,K,A330
Mentee,FO,A330,Child K6,00000573, K6@gmail.com,,K,A330
Mentee,FO,A330,Child K7,00000574, K7@gmail.com,,K,A330
Mentee,FO,A330,Child K8,00000575, K8@gmail.com,,K,A330
Mentee,FO,A330,Child K9,00000576, K9@gmail.com,,K,A330
Mentee,FO,A330,Child K10,00000577,K10@gmail.com,,K,A330
Mentee,FO,A330,Child K11,00000578,K11@gmail.com,,K,A330
Mentee,FO,A330,Child K12,00000579,K12@gmail.com,,K,A330
Mentee,FO,A330,Child K13,00000580,K13@gmail.com,,K,A330
Mentee,FO,A330,Child K14,00000581,K14@gmail.com,,K,A330
Mentee,FO,A330,Child K15,00000582,K15@gmail.com,,K,A330
Mentee,FO,A330,Child K16,00000583,K16@gmail.com,,K,A330
Mentee,FO,A330,Child K17,00000584,K17@gmail.com,,K,A330
Mentee,FO,A330,Child K18,00000585,K18@gmail.com,,K,A330
Mentee,FO,A330,Child K19,00000586,K19@gmail.com,,K,A330
Mentee,FO,A330,Child K20,00000587,K20@gmail.com,,K,A330
Mentee,FO,A330,Child K21,00000588,K21@gmail.com,,K,A330
Mentee,FO,A330,Child K22,00000589,K22@gmail.com,,K,A330
Mentee,FO,A330,Child K23,00000590,K23@gmail.com,,K,A330
Mentee,FO,A330,Child K24,00000591,K24@gmail.com,,K,A330
Mentee,FO,A330,Child K25,00000592,K25@gmail.com,,K,A330
Mentee,FO,A330,Child K26,00000593,K26@gmail.com,,K,A330
Mentee,FO,A330,Child K27,00000594,K27@gmail.com,,K,A330
Mentee,FO,A330,Child K28,00000595,K28@gmail.com,,K,A330
Mentee,FO,A330,Child K29,00000596,K29@gmail.com,,K,A330
Mentee,FO,A330,Child K30,00000597,K30@gmail.com,,K,A330
Mentee,FO,A330,Child K31,00000598,K31@gmail.com,,K,A330
Mentee,FO,A330,Child K32,00000599,K32@gmail.com,,K,A330
Mentee,FO,A330,Child K33,00000600,K33@gmail.com,,K,A330
Mentee,FO,A330,Child K34,00000601,K34@gmail.com,,K,A330
Mentee,FO,A330,Child K35,00000602,K35@gmail.com,,K,A330
Mentee,FO,A330,Child K36,00000603,K36@gmail.com,,K,A330
Mentee,FO,A330,Child K37,00000604,K37@gmail.com,,K,A330
Mentee,FO,A330,Child K38,00000605,K38@gmail.com,,K,A330
Mentee,FO,A330,Child K39,00000606,K39@gmail.com,,K,A330
Mentee,FO,A330,Child K40,00000607,K40@gmail.com,,K,A330
Mentee,FO,A330,Child K41,00000608,K41@gmail.com,,K,A330
Mentee,FO,A330,Child K42,00000609,K42@gmail.com,,K,A330
Mentee,FO,A330,Child K43,00000610,K43@gmail.com,,K,A330
Mentee,FO,A330,Child K44,00000611,K44@gmail.com,,K,A330
Mentee,FO,A330,Child K45,00000612,K45@gmail.com,,K,A330
Mentee,FO,A330,Child K46,00000613,K46@gmail.com,,K,A330
Mentee,FO,A330,Child K47,00000614,K47@gmail.com,,K,A330
Mentee,FO,A330,Child K48,00000615,K48@gmail.com,,K,A330
Mentee,FO,A330,Child K49,00000616,K49@gmail.com,,K,A330
Mentee,FO,A330,Child K50,00000617,K50@gmail.com,,K,A330
Mentee,FO,A330,Child K51,00000618,K51@gmail.com,,K,A330
Mentee,FO,A330,Child K52,00000619,K52@gmail.com,,K,A330
Mentee,FO,A330,Child K53,00000620,K53@gmail.com,,K,A330
Mentee,FO,A330,Child K54,00000621,K54@gmail.com,,K,A330
Mentee,FO,A330,Child K55,00000622,K55@gmail.com,,K,A330
Mentee,FO,A330,Child K56,00000623,K56@gmail.com,,K,A330
Mentee,FO,A330,Child K57,00000624,K57@gmail.com,,K,A330
Mentee,FO,A330,Child K58,00000625,K58@gmail.com,,K,A330
Mentee,FO,A330,Child K59,00000626,K59@gmail.com,,K,A330
Mentee,FO,A330,Child K60,00000627,K60@gmail.com,,K,A330
Mentee,FO,A330,Child K61,00000628,K61@gmail.com,,K,A330
Mentee,FO,A330,Child K62,00000629,K62@gmail.com,,K,A330
Mentee,FO,A330,Child K63,00000630,K63@gmail.com,,K,A330
Mentee,FO,A330,Child K64,00000631,K64@gmail.com,,K,A330
Mentee,FO,A330,Child K65,00000632,K65@gmail.com,,K,A330
Mentee,FO,A330,Child K66,00000633,K66@gmail.com,,K,A330
Mentee,FO,A330,Child K67,00000634,K67@gmail.com,,K,A330
Mentee,FO,A330,Child K68,00000635,K68@gmail.com,,K,A330
Mentee,FO,A330,Child K69,00000636,K69@gmail.com,,K,A330
Mentee,FO,A330,Child K70,00000637,K70@gmail.com,,K,A330
Mentee,FO,A330,Child K71,00000638,K71@gmail.com,,K,A330
Mentee,FO,A330,Child K72,00000639,K72@gmail.com,,K,A330
Mentee,FO,A330,Child K73,00000640,K73@gmail.com,,K,A330
Mentee,FO,A330,Child K74,00000641,K74@gmail.com,,K,A330
Mentee,FO,A330,Child K75,00000642,K75@gmail.com,,K,A330
Mentee,FO,A330,Child L1,00000643, L1@gmail.com,,L,A330
Mentee,FO,A330,Child L2,00000644, L2@gmail.com,,L,A330
Mentee,FO,A330,Child L3,00000645, L3@gmail.com,,L,A330
Mentee,FO,A330,Child L4,00000646, L4@gmail.com,,L,A330
Mentee,FO,A330,Child L5,00000647, L5@gmail.com,,L,A330
Mentee,FO,A330,Child L6,00000648, L6@gmail.com,,L,A330
Mentee,FO,A330,Child L7,00000649, L7@gmail.com,,L,A330
Mentee,FO,A330,Child L8,00000650, L8@gmail.com,,L,A330
Mentee,FO,A330,Child L9,00000651, L9@gmail.com,,L,A330
Mentee,FO,A330,Child L10,00000652,L10@gmail.com,,L,A330
Mentee,FO,A330,Child L11,00000653,L11@gmail.com,,L,A330
Mentee,FO,A330,Child L12,00000654,L12@gmail.com,,L,A330
Mentee,FO,A330,Child L13,00000655,L13@gmail.com,,L,A330
Mentee,FO,A330,Child L14,00000656,L14@gmail.com,,L,A330
Mentee,FO,A330,Child L15,00000657,L15@gmail.com,,L,A330
Mentee,FO,A330,Child L16,00000658,L16@gmail.com,,L,A330
Mentee,FO,A330,Child L17,00000659,L17@gmail.com,,L,A330
Mentee,FO,A330,Child L18,00000660,L18@gmail.com,,L,A330
Mentee,FO,A330,Child L19,00000661,L19@gmail.com,,L,A330
Mentee,FO,A330,Child L20,00000662,L20@gmail.com,,L,A330
Mentee,FO,A330,Child L21,00000663,L21@gmail.com,,L,A330
Mentee,FO,A330,Child L22,00000664,L22@gmail.com,,L,A330
Mentee,FO,A330,Child L23,00000665,L23@gmail.com,,L,A330
Mentee,FO,A330,Child L24,00000666,L24@gmail.com,,L,A330
Mentee,FO,A330,Child L25,00000667,L25@gmail.com,,L,A330
Mentee,FO,A330,Child L26,00000668,L26@gmail.com,,L,A330
Mentee,FO,A330,Child L27,00000669,L27@gmail.com,,L,A330
Mentee,FO,A330,Child L28,00000670,L28@gmail.com,,L,A330
Mentee,FO,A330,Child L29,00000671,L29@gmail.com,,L,A330
Mentee,FO,A330,Child L30,00000672,L30@gmail.com,,L,A330
Mentee,FO,A330,Child L31,00000673,L31@gmail.com,,L,A330
Mentee,FO,A330,Child L32,00000674,L32@gmail.com,,L,A330
Mentee,FO,A330,Child L33,00000675,L33@gmail.com,,L,A330
Mentee,FO,A330,Child L34,00000676,L34@gmail.com,,L,A330
Mentee,FO,A330,Child L35,00000677,L35@gmail.com,,L,A330
Mentee,FO,A330,Child L36,00000678,L36@gmail.com,,L,A330
Mentee,FO,A330,Child L37,00000679,L37@gmail.com,,L,A330
Mentee,FO,A330,Child L38,00000680,L38@gmail.com,,L,A330
Mentee,FO,A330,Child L39,00000681,L39@gmail.com,,L,A330
Mentee,FO,A330,Child L40,00000682,L40@gmail.com,,L,A330
Mentee,FO,A330,Child L41,00000683,L41@gmail.com,,L,A330
Mentee,FO,A330,Child L42,00000684,L42@gmail.com,,L,A330
Mentee,FO,A330,Child L43,00000685,L43@gmail.com,,L,A330
Mentee,FO,A330,Child L44,00000686,L44@gmail.com,,L,A330
Mentee,FO,A330,Child L45,00000687,L45@gmail.com,,L,A330
Mentee,FO,A330,Child L46,00000688,L46@gmail.com,,L,A330
Mentee,FO,A330,Child L47,00000689,L47@gmail.com,,L,A330
Mentee,FO,A330,Child L48,00000690,L48@gmail.com,,L,A330
Mentee,FO,A330,Child L49,00000691,L49@gmail.com,,L,A330
Mentee,FO,A330,Child L50,00000692,L50@gmail.com,,L,A330
Mentee,FO,A330,Child L51,00000693,L51@gmail.com,,L,A330
Mentee,FO,A330,Child L52,00000694,L52@gmail.com,,L,A330
Mentee,FO,A330,Child L53,00000695,L53@gmail.com,,L,A330
Mentee,FO,A330,Child L54,00000696,L54@gmail.com,,L,A330
Mentee,FO,A330,Child L55,00000697,L55@gmail.com,,L,A330
Mentee,FO,A330,Child L56,00000698,L56@gmail.com,,L,A330
Mentee,FO,A330,Child L57,00000699,L57@gmail.com,,L,A330
Mentee,FO,A330,Child L58,00000700,L58@gmail.com,,L,A330
Mentee,FO,A330,Child L59,00000701,L59@gmail.com,,L,A330
Mentee,FO,A330,Child L60,00000702,L60@gmail.com,,L,A330
Mentee,FO,A330,Child L61,00000703,L61@gmail.com,,L,A330
Mentee,FO,A330,Child L62,00000704,L62@gmail.com,,L,A330
Mentee,FO,A330,Child L63,00000705,L63@gmail.com,,L,A330
Mentee,FO,A330,Child L64,00000706,L64@gmail.com,,L,A330
Mentee,FO,A330,Child L65,00000707,L65@gmail.com,,L,A330
Mentee,FO,A330,Child L66,00000708,L66@gmail.com,,L,A330
Mentee,FO,A330,Child L67,00000709,L67@gmail.com,,L,A330
Mentee,FO,A330,Child L68,00000710,L68@gmail.com,,L,A330
Mentee,FO,A330,Child L69,00000711,L69@gmail.com,,L,A330
Mentee,FO,A330,Child L70,00000712,L70@gmail.com,,L,A330
Mentee,FO,A330,Child L71,00000713,L71@gmail.com,,L,A330
Mentee,FO,A330,Child L72,00000714,L72@gmail.com,,L,A330
Mentee,FO,A330,Child L73,00000715,L73@gmail.com,,L,A330
Mentee,FO,A330,Child L74,00000716,L74@gmail.com,,L,A330
Mentee,FO,A330,Child L75,00000717,L75@gmail.com,,L,A330
Mentee,FO,A330,Child L76,00000718,L76@gmail.com,,L,A330
Mentee,FO,A330,Child L77,00000719,L77@gmail.com,,L,A330
Mentee,FO,A330,Child L78,00000720,L78@gmail.com,,L,A330
Mentee,FO,A330,Child L79,00000721,L79@gmail.com,,L,A330
Mentee,FO,A330,Child L80,00000722,L80@gmail.com,,L,A330
Mentee,FO,A330,Child L81,00000723,L81@gmail.com,,L,A330
Mentee,FO,A330,Child L82,00000724,L82@gmail.com,,L,A330
Mentee,FO,A330,Child L83,00000725,L83@gmail.com,,L,A330
Mentee,FO,A330,Child L84,00000726,L84@gmail.com,,L,A330
Mentee,FO,A330,Child L85,00000727,L85@gmail.com,,L,A330
Mentee,FO,A330,Child L86,00000728,L86@gmail.com,,L,A330
Mentee,FO,A330,Child L87,00000729,L87@gmail.com,,L,A330
Mentee,FO,A330,Child M1,00000730, M1@gmail.com,,M,A330
Mentee,FO,A330,Child M2,00000731, M2@gmail.com,,M,A330
Mentee,FO,A330,Child M3,00000732, M3@gmail.com,,M,A330
Mentee,FO,A330,Child M4,00000733, M4@gmail.com,,M,A330
Mentee,FO,A330,Child M5,00000734, M5@gmail.com,,M,A330
Mentee,FO,A330,Child M6,00000735, M6@gmail.com,,M,A330
Mentee,FO,A330,Child M7,00000736, M7@gmail.com,,M,A330
Mentee,FO,A330,Child M8,00000737, M8@gmail.com,,M,A330
Mentee,FO,A330,Child M9,00000738, M9@gmail.com,,M,A330
Mentee,FO,A330,Child M10,00000739,M10@gmail.com,,M,A330
Mentee,FO,A330,Child M11,00000740,M11@gmail.com,,M,A330
Mentee,FO,A330,Child M12,00000741,M12@gmail.com,,M,A330
Mentee,FO,A330,Child M13,00000742,M13@gmail.com,,M,A330
Mentee,FO,A330,Child M14,00000743,M14@gmail.com,,M,A330
Mentee,FO,A330,Child M15,00000744,M15@gmail.com,,M,A330
Mentee,FO,A330,Child M16,00000745,M16@gmail.com,,M,A330
Mentee,FO,A330,Child M17,00000746,M17@gmail.com,,M,A330
Mentee,FO,A330,Child M18,00000747,M18@gmail.com,,M,A330
Mentee,FO,A330,Child M19,00000748,M19@gmail.com,,M,A330
Mentee,FO,A330,Child M20,00000749,M20@gmail.com,,M,A330
Mentee,FO,A330,Child M21,00000750,M21@gmail.com,,M,A330
Mentee,FO,A330,Child M22,00000751,M22@gmail.com,,M,A330
Mentee,FO,A330,Child M23,00000752,M23@gmail.com,,M,A330
Mentee,FO,A330,Child M24,00000753,M24@gmail.com,,M,A330
Mentee,FO,A330,Child M25,00000754,M25@gmail.com,,M,A330
Mentee,FO,A330,Child M26,00000755,M26@gmail.com,,M,A330
Mentee,FO,A330,Child M27,00000756,M27@gmail.com,,M,A330
Mentee,FO,A330,Child M28,00000757,M28@gmail.com,,M,A330
Mentee,FO,A330,Child M29,00000758,M29@gmail.com,,M,A330
Mentee,FO,A330,Child M30,00000759,M30@gmail.com,,M,A330
Mentee,FO,A330,Child M31,00000760,M31@gmail.com,,M,A330
Mentee,FO,A330,Child M32,00000761,M32@gmail.com,,M,A330
Mentee,FO,A330,Child M33,00000762,M33@gmail.com,,M,A330
Mentee,FO,A330,Child M34,00000763,M34@gmail.com,,M,A330
Mentee,FO,A330,Child M35,00000764,M35@gmail.com,,M,A330
Mentee,FO,A330,Child M36,00000765,M36@gmail.com,,M,A330
Mentee,FO,A330,Child M37,00000766,M37@gmail.com,,M,A330
Mentee,FO,A330,Child M38,00000767,M38@gmail.com,,M,A330
Mentee,FO,A330,Child M39,00000768,M39@gmail.com,,M,A330
Mentee,FO,A330,Child M40,00000769,M40@gmail.com,,M,A330
Mentee,FO,A330,Child M41,00000770,M41@gmail.com,,M,A330
Mentee,FO,A330,Child M42,00000771,M42@gmail.com,,M,A330
Mentee,FO,A330,Child M43,00000772,M43@gmail.com,,M,A330
Mentee,FO,A330,Child M44,00000773,M44@gmail.com,,M,A330
Mentee,FO,A330,Child M45,00000774,M45@gmail.com,,M,A330
Mentee,FO,A330,Child M46,00000775,M46@gmail.com,,M,A330
Mentee,FO,A330,Child M47,00000776,M47@gmail.com,,M,A330
Mentee,FO,A330,Child M48,00000777,M48@gmail.com,,M,A330
Mentee,FO,A330,Child M49,00000778,M49@gmail.com,,M,A330
Mentee,FO,A330,Child M50,00000779,M50@gmail.com,,M,A330
Mentee,FO,A330,Child M51,00000780,M51@gmail.com,,M,A330
Mentee,FO,A330,Child M52,00000781,M52@gmail.com,,M,A330
Mentee,FO,A330,Child M53,00000782,M53@gmail.com,,M,A330
Mentee,FO,A330,Child M54,00000783,M54@gmail.com,,M,A330
Mentee,FO,A330,Child M55,00000784,M55@gmail.com,,M,A330
Mentee,FO,A330,Child M56,00000785,M56@gmail.com,,M,A330
Mentee,FO,A330,Child M57,00000786,M57@gmail.com,,M,A330
Mentee,FO,A330,Child M58,00000787,M58@gmail.com,,M,A330
Mentee,FO,A330,Child M59,00000788,M59@gmail.com,,M,A330
Mentee,FO,A330,Child M60,00000789,M60@gmail.com,,M,A330
Mentee,FO,A330,Child M61,00000790,M61@gmail.com,,M,A330
Mentee,FO,A330,Child M62,00000791,M62@gmail.com,,M,A330
Mentee,FO,A330,Child M63,00000792,M63@gmail.com,,M,A330
Mentee,FO,A330,Child M64,00000793,M64@gmail.com,,M,A330
Mentee,FO,A330,Child M65,00000794,M65@gmail.com,,M,A330
Mentee,FO,A330,Child M66,00000795,M66@gmail.com,,M,A330
Mentee,FO,A330,Child M67,00000796,M67@gmail.com,,M,A330
Mentee,FO,A330,Child M68,00000797,M68@gmail.com,,M,A330
Mentee,FO,A330,Child M69,00000798,M69@gmail.com,,M,A330
Mentee,FO,A330,Child M70,00000799,M70@gmail.com,,M,A330
Mentee,FO,A330,Child M71,00000800,M71@gmail.com,,M,A330
Mentee,FO,A330,Child M72,00000801,M72@gmail.com,,M,A330
Mentee,FO,A330,Child M73,00000802,M73@gmail.com,,M,A330
Mentee,FO,A330,Child M74,00000803,M74@gmail.com,,M,A330
Mentee,FO,A330,Child M75,00000804,M75@gmail.com,,M,A330
Mentee,FO,A330,Child M76,00000805,M76@gmail.com,,M,A330
Mentee,FO,A330,Child M77,00000806,M77@gmail.com,,M,A330
Mentee,FO,A330,Child M78,00000807,M78@gmail.com,,M,A330
Mentee,FO,A330,Child M79,00000808,M79@gmail.com,,M,A330
Mentee,FO,A330,Child M80,00000809,M80@gmail.com,,M,A330
Mentee,FO,A330,Child M81,00000810,M81@gmail.com,,M,A330
Mentee,FO,A330,Child M82,00000811,M82@gmail.com,,M,A330
Mentee,FO,A330,Child M83,00000812,M83@gmail.com,,M,A330
Mentee,FO,A330,Child M84,00000813,M84@gmail.com,,M,A330
Mentee,FO,A380,Child N1,00000814, N1@gmail.com,,N,A380
Mentee,FO,A380,Child N2,00000815, N2@gmail.com,,N,A380
Mentee,FO,A380,Child N3,00000816, N3@gmail.com,,N,A380
Mentee,FO,A380,Child N4,00000817, N4@gmail.com,,N,A380
Mentee,FO,A380,Child N5,00000818, N5@gmail.com,,N,A380
Mentee,FO,A380,Child N6,00000819, N6@gmail.com,,N,A380
Mentee,FO,A380,Child N7,00000820, N7@gmail.com,,N,A380
Mentee,FO,A380,Child N8,00000821, N8@gmail.com,,N,A380
Mentee,FO,A380,Child N9,00000822, N9@gmail.com,,N,A380
Mentee,FO,A380,Child N10,00000823,N10@gmail.com,,N,A380
Mentee,FO,A380,Child N11,00000824,N11@gmail.com,,N,A380
Mentee,FO,A380,Child N12,00000825,N12@gmail.com,,N,A380
Mentee,FO,A380,Child N13,00000826,N13@gmail.com,,N,A380
Mentee,FO,A380,Child N14,00000827,N14@gmail.com,,N,A380
Mentee,FO,A380,Child N15,00000828,N15@gmail.com,,N,A380
Mentee,FO,A380,Child N16,00000829,N16@gmail.com,,N,A380
Mentee,FO,A380,Child N17,00000830,N17@gmail.com,,N,A380
Mentee,FO,A380,Child N18,00000831,N18@gmail.com,,N,A380
Mentee,FO,A380,Child N19,00000832,N19@gmail.com,,N,A380
Mentee,FO,A380,Child N20,00000833,N20@gmail.com,,N,A380
Mentee,FO,A380,Child N21,00000834,N21@gmail.com,,N,A380
Mentee,FO,A380,Child N22,00000835,N22@gmail.com,,N,A380
Mentee,FO,A380,Child N23,00000836,N23@gmail.com,,N,A380
Mentee,FO,A380,Child N24,00000837,N24@gmail.com,,N,A380
Mentee,FO,A380,Child N25,00000838,N25@gmail.com,,N,A380
Mentee,FO,A380,Child N26,00000839,N26@gmail.com,,N,A380
Mentee,FO,A380,Child N27,00000840,N27@gmail.com,,N,A380
Mentee,FO,A380,Child N28,00000841,N28@gmail.com,,N,A380
Mentee,FO,A380,Child N29,00000842,N29@gmail.com,,N,A380
Mentee,FO,A380,Child N30,00000843,N30@gmail.com,,N,A380
Mentee,FO,A380,Child N31,00000844,N31@gmail.com,,N,A380
Mentee,FO,A380,Child N32,00000845,N32@gmail.com,,N,A380
Mentee,FO,A380,Child N33,00000846,N33@gmail.com,,N,A380
Mentee,FO,A380,Child N34,00000847,N34@gmail.com,,N,A380
Mentee,FO,A380,Child N35,00000848,N35@gmail.com,,N,A380
Mentee,FO,A380,Child N36,00000849,N36@gmail.com,,N,A380
Mentee,FO,A380,Child N37,00000850,N37@gmail.com,,N,A380
Mentee,FO,A380,Child N38,00000851,N38@gmail.com,,N,A380
Mentee,FO,A380,Child N39,00000852,N39@gmail.com,,N,A380
Mentee,FO,A380,Child N40,00000853,N40@gmail.com,,N,A380
Mentee,FO,A380,Child N41,00000854,N41@gmail.com,,N,A380
Mentee,FO,A380,Child N42,00000855,N42@gmail.com,,N,A380
Mentee,FO,A380,Child N43,00000856,N43@gmail.com,,N,A380
Mentee,FO,A380,Child N44,00000857,N44@gmail.com,,N,A380
Mentee,FO,A380,Child N45,00000858,N45@gmail.com,,N,A380
Mentee,FO,A380,Child N46,00000859,N46@gmail.com,,N,A380
Mentee,FO,A380,Child N47,00000860,N47@gmail.com,,N,A380
Mentee,FO,A380,Child N48,00000861,N48@gmail.com,,N,A380
Mentee,FO,A380,Child N49,00000862,N49@gmail.com,,N,A380
Mentee,FO,A380,Child N50,00000863,N50@gmail.com,,N,A380
Mentee,FO,A380,Child N51,00000864,N51@gmail.com,,N,A380
Mentee,FO,A380,Child N52,00000865,N52@gmail.com,,N,A380
Mentee,FO,A380,Child N53,00000866,N53@gmail.com,,N,A380
Mentee,FO,A380,Child N54,00000867,N54@gmail.com,,N,A380
Mentee,FO,A380,Child N55,00000868,N55@gmail.com,,N,A380
Mentee,FO,A380,Child N56,00000869,N56@gmail.com,,N,A380
Mentee,FO,A380,Child N57,00000870,N57@gmail.com,,N,A380
Mentee,FO,A380,Child N58,00000871,N58@gmail.com,,N,A380
Mentee,FO,A380,Child N59,00000872,N59@gmail.com,,N,A380
Mentee,FO,A380,Child N60,00000873,N60@gmail.com,,N,A380
Mentee,FO,A380,Child N61,00000874,N61@gmail.com,,N,A380
Mentee,FO,A380,Child N62,00000875,N62@gmail.com,,N,A380
Mentee,FO,A380,Child N63,00000876,N63@gmail.com,,N,A380
Mentee,FO,A380,Child N64,00000877,N64@gmail.com,,N,A380
Mentee,FO,A380,Child N65,00000878,N65@gmail.com,,N,A380
Mentee,FO,A380,Child N66,00000879,N66@gmail.com,,N,A380
Mentee,FO,A380,Child N67,00000880,N67@gmail.com,,N,A380
Mentee,FO,A380,Child N68,00000881,N68@gmail.com,,N,A380
Mentee,FO,A380,Child N69,00000882,N69@gmail.com,,N,A380
Mentee,FO,A380,Child N70,00000883,N70@gmail.com,,N,A380
Mentee,FO,A380,Child N71,00000884,N71@gmail.com,,N,A380
Mentee,FO,A380,Child N72,00000885,N72@gmail.com,,N,A380
Mentee,FO,A380,Child N73,00000886,N73@gmail.com,,N,A380
Mentee,FO,A380,Child N74,00000887,N74@gmail.com,,N,A380
Mentee,FO,A380,Child N75,00000888,N75@gmail.com,,N,A380
Mentee,FO,A380,Child N76,00000889,N76@gmail.com,,N,A380
Mentee,FO,A380,Child N77,00000890,N77@gmail.com,,N,A380
Mentee,FO,A380,Child N78,00000891,N78@gmail.com,,N,A380
Mentee,FO,A380,Child N79,00000892,N79@gmail.com,,N,A380
Mentee,FO,A380,Child N80,00000893,N80@gmail.com,,N,A380
Mentee,FO,A380,Child N81,00000894,N81@gmail.com,,N,A380
Mentee,FO,A380,Child N82,00000895,N82@gmail.com,,N,A380
Mentee,FO,A380,Child O1,00000896, O1@gmail.com,,O,A380
Mentee,FO,A380,Child O2,00000897, O2@gmail.com,,O,A380
Mentee,FO,A380,Child O3,00000898, O3@gmail.com,,O,A380
Mentee,FO,A380,Child O4,00000899, O4@gmail.com,,O,A380
Mentee,FO,A380,Child O5,00000900, O5@gmail.com,,O,A380
Mentee,FO,A380,Child O6,00000901, O6@gmail.com,,O,A380
Mentee,FO,A380,Child O7,00000902, O7@gmail.com,,O,A380
Mentee,FO,A380,Child O8,00000903, O8@gmail.com,,O,A380
Mentee,FO,A380,Child O9,00000904, O9@gmail.com,,O,A380
Mentee,FO,A380,Child O10,00000905,O10@gmail.com,,O,A380
Mentee,FO,A380,Child O11,00000906,O11@gmail.com,,O,A380
Mentee,FO,A380,Child O12,00000907,O12@gmail.com,,O,A380
Mentee,FO,A380,Child O13,00000908,O13@gmail.com,,O,A380
Mentee,FO,A380,Child O14,00000909,O14@gmail.com,,O,A380
Mentee,FO,A380,Child O15,00000910,O15@gmail.com,,O,A380
Mentee,FO,A380,Child O16,00000911,O16@gmail.com,,O,A380
Mentee,FO,A380,Child O17,00000912,O17@gmail.com,,O,A380
Mentee,FO,A380,Child O18,00000913,O18@gmail.com,,O,A380
Mentee,FO,A380,Child O19,00000914,O19@gmail.com,,O,A380
Mentee,FO,A380,Child O20,00000915,O20@gmail.com,,O,A380
Mentee,FO,A380,Child O21,00000916,O21@gmail.com,,O,A380
Mentee,FO,A380,Child O22,00000917,O22@gmail.com,,O,A380
Mentee,FO,A380,Child O23,00000918,O23@gmail.com,,O,A380
Mentee,FO,A380,Child O24,00000919,O24@gmail.com,,O,A380
Mentee,FO,A380,Child O25,00000920,O25@gmail.com,,O,A380
Mentee,FO,A380,Child O26,00000921,O26@gmail.com,,O,A380
Mentee,FO,A380,Child O27,00000922,O27@gmail.com,,O,A380
Mentee,FO,A380,Child O28,00000923,O28@gmail.com,,O,A380
Mentee,FO,A380,Child O29,00000924,O29@gmail.com,,O,A380
Mentee,FO,A380,Child O30,00000925,O30@gmail.com,,O,A380
Mentee,FO,A380,Child O31,00000926,O31@gmail.com,,O,A380
Mentee,FO,A380,Child O32,00000927,O32@gmail.com,,O,A380
Mentee,FO,A380,Child O33,00000928,O33@gmail.com,,O,A380
Mentee,FO,A380,Child O34,00000929,O34@gmail.com,,O,A380
Mentee,FO,A380,Child O35,00000930,O35@gmail.com,,O,A380
Mentee,FO,A380,Child O36,00000931,O36@gmail.com,,O,A380
Mentee,FO,A380,Child O37,00000932,O37@gmail.com,,O,A380
Mentee,FO,A380,Child O38,00000933,O38@gmail.com,,O,A380
Mentee,FO,A380,Child O39,00000934,O39@gmail.com,,O,A380
Mentee,FO,A380,Child O40,00000935,O40@gmail.com,,O,A380
Mentee,FO,A380,Child O41,00000936,O41@gmail.com,,O,A380
Mentee,FO,A380,Child O42,00000937,O42@gmail.com,,O,A380
Mentee,FO,A380,Child O43,00000938,O43@gmail.com,,O,A380
Mentee,FO,A380,Child O44,00000939,O44@gmail.com,,O,A380
Mentee,FO,A380,Child O45,00000940,O45@gmail.com,,O,A380
Mentee,FO,A380,Child O46,00000941,O46@gmail.com,,O,A380
Mentee,FO,A380,Child O47,00000942,O47@gmail.com,,O,A380
Mentee,FO,A380,Child O48,00000943,O48@gmail.com,,O,A380
Mentee,FO,A380,Child O49,00000944,O49@gmail.com,,O,A380
Mentee,FO,A380,Child O50,00000945,O50@gmail.com,,O,A380
Mentee,FO,A380,Child O51,00000946,O51@gmail.com,,O,A380
Mentee,FO,A380,Child O52,00000947,O52@gmail.com,,O,A380
Mentee,FO,A380,Child O53,00000948,O53@gmail.com,,O,A380
Mentee,FO,A380,Child O54,00000949,O54@gmail.com,,O,A380
Mentee,FO,A380,Child O55,00000950,O55@gmail.com,,O,A380
Mentee,FO,A380,Child O56,00000951,O56@gmail.com,,O,A380
Mentee,FO,A380,Child O57,00000952,O57@gmail.com,,O,A380
Mentee,FO,A380,Child O58,00000953,O58@gmail.com,,O,A380
Mentee,FO,A380,Child O59,00000954,O59@gmail.com,,O,A380
Mentee,FO,A380,Child O60,00000955,O60@gmail.com,,O,A380
Mentee,FO,A380,Child O61,00000956,O61@gmail.com,,O,A380
Mentee,FO,A380,Child O62,00000957,O62@gmail.com,,O,A380
Mentee,FO,A380,Child O63,00000958,O63@gmail.com,,O,A380
Mentee,FO,A380,Child O64,00000959,O64@gmail.com,,O,A380
Mentee,FO,A380,Child O65,00000960,O65@gmail.com,,O,A380
Mentee,FO,A380,Child O66,00000961,O66@gmail.com,,O,A380
Mentee,FO,A380,Child O67,00000962,O67@gmail.com,,O,A380
Mentee,FO,A380,Child O68,00000963,O68@gmail.com,,O,A380
Mentee,FO,A380,Child O69,00000964,O69@gmail.com,,O,A380
Mentee,FO,A380,Child O70,00000965,O70@gmail.com,,O,A380
Mentee,FO,A380,Child O71,00000966,O71@gmail.com,,O,A380
Mentee,FO,A380,Child P1,00000967, P1@gmail.com,,P,A380
Mentee,FO,A380,Child P2,00000968, P2@gmail.com,,P,A380
Mentee,FO,A380,Child P3,00000969, P3@gmail.com,,P,A380
Mentee,FO,A380,Child P4,00000970, P4@gmail.com,,P,A380
Mentee,FO,A380,Child P5,00000971, P5@gmail.com,,P,A380
Mentee,FO,A380,Child P6,00000972, P6@gmail.com,,P,A380
Mentee,FO,A380,Child P7,00000973, P7@gmail.com,,P,A380
Mentee,FO,A380,Child P8,00000974, P8@gmail.com,,P,A380
Mentee,FO,A380,Child P9,00000975, P9@gmail.com,,P,A380
Mentee,FO,A380,Child P10,00000976,P10@gmail.com,,P,A380
Mentee,FO,A380,Child P11,00000977,P11@gmail.com,,P,A380
Mentee,FO,A380,Child P12,00000978,P12@gmail.com,,P,A380
Mentee,FO,A380,Child P13,00000979,P13@gmail.com,,P,A380
Mentee,FO,A380,Child P14,00000980,P14@gmail.com,,P,A380
Mentee,FO,A380,Child P15,00000981,P15@gmail.com,,P,A380
Mentee,FO,A380,Child P16,00000982,P16@gmail.com,,P,A380
Mentee,FO,A380,Child P17,00000983,P17@gmail.com,,P,A380
Mentee,FO,A380,Child P18,00000984,P18@gmail.com,,P,A380
Mentee,FO,A380,Child P19,00000985,P19@gmail.com,,P,A380
Mentee,FO,A380,Child P20,00000986,P20@gmail.com,,P,A380
Mentee,FO,A380,Child P21,00000987,P21@gmail.com,,P,A380
Mentee,FO,A380,Child P22,00000988,P22@gmail.com,,P,A380
Mentee,FO,A380,Child P23,00000989,P23@gmail.com,,P,A380
Mentee,FO,A380,Child P24,00000990,P24@gmail.com,,P,A380
Mentee,FO,A380,Child P25,00000991,P25@gmail.com,,P,A380
Mentee,FO,A380,Child P26,00000992,P26@gmail.com,,P,A380
Mentee,FO,A380,Child P27,00000993,P27@gmail.com,,P,A380
Mentee,FO,A380,Child P28,00000994,P28@gmail.com,,P,A380
Mentee,FO,A380,Child P29,00000995,P29@gmail.com,,P,A380
Mentee,FO,A380,Child P30,00000996,P30@gmail.com,,P,A380
Mentee,FO,A380,Child P31,00000997,P31@gmail.com,,P,A380
Mentee,FO,A380,Child P32,00000998,P32@gmail.com,,P,A380
Mentee,FO,A380,Child P33,00000999,P33@gmail.com,,P,A380
Mentee,FO,A380,Child P34,00001000,P34@gmail.com,,P,A380
Mentee,FO,A380,Child P35,00001001,P35@gmail.com,,P,A380
Mentee,FO,A380,Child P36,00001002,P36@gmail.com,,P,A380
Mentee,FO,A380,Child P37,00001003,P37@gmail.com,,P,A380
Mentee,FO,A380,Child P38,00001004,P38@gmail.com,,P,A380
Mentee,FO,A380,Child P39,00001005,P39@gmail.com,,P,A380
Mentee,FO,A380,Child P40,00001006,P40@gmail.com,,P,A380
Mentee,FO,A380,Child P41,00001007,P41@gmail.com,,P,A380
Mentee,FO,A380,Child P42,00001008,P42@gmail.com,,P,A380
Mentee,FO,A380,Child P43,00001009,P43@gmail.com,,P,A380
Mentee,FO,A380,Child P44,00001010,P44@gmail.com,,P,A380
Mentee,FO,A380,Child P45,00001011,P45@gmail.com,,P,A380
Mentee,FO,A380,Child P46,00001012,P46@gmail.com,,P,A380
Mentee,FO,A380,Child P47,00001013,P47@gmail.com,,P,A380
Mentee,FO,A380,Child P48,00001014,P48@gmail.com,,P,A380
SUC,CAPT,A330,A,00001015,A@gmail.com,adaremarks,A330,ACP
LIP,CAPT,B777,B,00001016,B@gmail.com,adaremarkstu,B777,ACP
IP,CAPT,B777,C,00001017,C@gmail.com,adaremarks3,B777,ACP
SUC,CAPT,A350,D,00001018,D@gmail.com,,,ACP
LIP,CAPT,A350,E,00001019,E@gmail.com,,,ACP
IP,CAPT,A380,F,00001020,F@gmail.com,,,ACP
IP,CAPT,B787,G,00001021,G@gmail.com,,,ACP
LIP,CAPT,B744,H,00001022,H@gmail.com,,,ACP
SUC,CAPT,B744,I,00001023,I@gmail.com,,,ACP
SUC,CAPT,B787,J,00001024,J@gmail.com,,,ACP
LIP,CAPT,A330,K,00001025,K@gmail.com,,,ACP
SUC,CAPT,A330,L,00001026,L@gmail.com,,,ACP
LIP,CAPT,A330,M,00001027,M@gmail.com,,,ACP
IP,CAPT,A380,N,00001028,N@gmail.com,,,ACP
IP,CAPT,A380,O,00001029,O@gmail.com,,,ACP
LIP,CAPT,A380,P,00001030,P@gmail.com,,,ACP
